model,precision,gpu_name,device,vram_gib,seq_len,batch_size,kv_gib_theory,weights_gib_est,predicted_oom_by_theory,status,succeeded,peak_gib,headroom_gib_measured,elapsed_s,kv_bytes_theory,weights_bytes_est,peak_bytes
meta-llama/Meta-Llama-3-8B,fp16,NVIDIA H100 80GB HBM3,cuda:0,79.1895751953125,16384,1,8.0,14.95752739906311,False,Success,True,18.812589645385742,60.37698554992676,1.5250656604766846,8589934592,16060522752,20199864320
meta-llama/Meta-Llama-3-8B,fp16,NVIDIA H100 80GB HBM3,cuda:0,79.1895751953125,32768,1,16.0,14.95752739906311,False,Success,True,22.633512496948242,56.55606269836426,2.0652875900268555,17179869184,16060522752,24302548992
meta-llama/Meta-Llama-3-8B,fp16,NVIDIA H100 80GB HBM3,cuda:0,79.1895751953125,65536,1,32.0,14.95752739906311,False,Success,True,30.275358200073242,48.91421699523926,6.0074403285980225,34359738368,16060522752,32507918336
meta-llama/Meta-Llama-3-8B,fp16,NVIDIA H100 80GB HBM3,cuda:0,79.1895751953125,131072,1,64.0,14.95752739906311,False,Success,True,45.55904960632324,33.63052558898926,20.234777450561523,68719476736,16060522752,48918657024
meta-llama/Meta-Llama-3-8B,fp16,NVIDIA H100 80GB HBM3,cuda:0,79.1895751953125,262144,1,128.0,14.95752739906311,True,OOM Error,False,62.12643241882324,17.063142776489258,43.907018423080444,137438953472,16060522752,66707748864
